YearMonth,Fecha,BBVA_Precio cierre,BCOLOMBIA_Precio cierre,BHI_Precio cierre,BMC_Precio cierre,BOGOTA_Precio cierre,BVC_Precio cierre,CELSIA_Precio cierre,CEMARGOS_Precio cierre,CNEC_Precio cierre,CONCONCRETO_Precio cierre,CORFICOL_Precio cierre,ECOPETROL_Precio cierre,ENKA_Precio cierre,ETB_Precio cierre,EXITO_Precio cierre,FABRICATO_Precio cierre,GEB_Precio cierre,GRUBOLIVAR_Precio cierre,GRUPOARGOS_Precio cierre,GRUPOAVAL_Precio cierre,GRUPOSURA_Precio cierre,GXTESCOL_Precio cierre,HCOLSEL_Precio cierre,ICOLCAP_Precio cierre,ISA_Precio cierre,MINEROS_Precio cierre,NUTRESA_Precio cierre,PEI_Precio cierre,PFAVAL_Precio cierre,PFBCOLOMBIA_Precio cierre,PFCEMARGOS_Precio cierre,PFCORFICOL_Precio cierre,PFDAVVNDA_Precio cierre,PFGRUPARG_Precio cierre,PFGRUPOSURA_Precio cierre,PROMIGAS_Precio cierre,TERPEL_Precio cierre
2020-03,0.39900239014945,,0.9147693362460754,,,0.751578047661568,0.28345277573963457,0.8244942520089868,0.9823662027029123,0.513040830110947,-0.43477189504572883,0.9306382247765811,0.9512665423073577,,0.44110413810593224,-0.26462437192109844,,0.422487493749456,0.3016074584681601,0.9338821192151133,-0.0187826758675738,0.9711917661588089,,0.984197333461241,,0.8906093403296707,0.8252129120121747,0.9267274748628895,,0.8461919410632929,0.9296413597373178,0.892214326410095,-0.7026304294312251,0.9618803933149415,0.9790503531527952,0.936560185353915,-0.20393027217536638,-0.26741561402033026
2020-04,0.059802634488944906,,0.868561582627514,,,0.4146417684651228,-0.08080100649050524,0.4971738978295845,0.16479028431589365,-0.03519347188649843,-0.027478961431614074,0.4712496959327532,0.48936648556471823,0.20928537621510532,0.35320120692912277,-0.46663871646952626,0.07918957290585045,0.740071464555132,0.639341868038865,0.42407473115155847,-0.5464131517355877,0.9642031147317955,,-0.32762990728835734,0.9138379043570312,0.48726819922695735,0.02284993155564785,0.3765546763541,,0.5897614560605684,0.9143739030545284,0.47964102284000437,0.23897504737733494,0.5057428617587914,0.6190104682706388,0.5219810154980817,0.1768333124208574,0.5260774825803031
2020-05,-0.3920311971745591,,0.8840014320254236,,,0.600387474772242,0.3898732228151284,0.7536750791825713,0.6146761698347913,0.03162480242087356,0.622395268267337,0.7544820687067121,0.49151073985878774,-0.5419655650021461,0.2914322691720071,-0.09781287679235202,,0.39956602240496497,0.7486731912301793,0.72945915703804,,0.5445683558063511,,0.39360195049147545,0.8950860964885831,-0.07141810378289468,-0.17567812219227158,0.36391285747934105,,0.7447777465287599,0.9403430052909983,0.7854588601177502,0.6521213763853517,0.6152953095309626,0.8506964418772769,0.5332602121739752,0.6286148378522373,0.29796562723195674
2020-06,-0.420907205611656,,0.9560019745759764,,,0.3456821494026168,0.09018521552052253,0.6457434269156925,0.8059574052689641,0.5125836614310278,0.3401213299963925,0.47696166483228913,0.9592597726703559,-0.07541946124132233,0.29980174224351336,0.6365418051747318,0.03349479285659378,0.12911439110414166,0.07619679638869391,0.23599921051772588,0.17107134898419218,0.9304025610476888,,0.841015788472554,0.9605899014163547,0.4094542054213301,0.41023341989310286,0.6038961366384695,,0.8907346586360558,0.9648550393406836,0.6033958009561754,0.0491362340895572,0.5532082030161076,0.6896294133415051,0.8938064854785236,0.4745385833814295,0.4077479459922018
2020-07,0.7913803606261647,,0.5380473494793436,,,0.9201119903008428,0.6321006793103071,0.9165562721724733,0.9608320512376908,0.037648842942022843,0.6950636472698191,-0.5245006538086688,0.8513969188286692,0.49936240396889636,0.1829338402929877,0.2936801869833433,0.1924124747746197,-0.06481666680356826,0.6301581937775329,0.9061591973134846,-0.47178881352662566,0.5985976959229562,,0.8713185344647423,0.9810506760534426,0.7106468380669971,0.8319426658536909,0.47969938997004974,,0.9336296657487965,0.5058455329666337,0.9206161123381044,-0.4446752719863024,-0.23675037952126085,0.755223528770324,0.8726978491883849,0.6790468414651804,0.7664416857691578
2020-08,0.9369948489467771,,0.9180209430221652,,,0.9726171300515648,0.5898715489409047,0.9715857567245128,0.9805848467012525,0.7143345467266661,-0.03725682379345422,0.8687639600730563,0.22647427999055364,-0.829284685361816,0.43167346085147207,0.9209264156570047,0.4742385002947072,0.9398486459463153,0.6924816568660238,0.9769109936762659,0.33875360236753205,0.915360645689601,,0.9717408486646423,0.9915557972898286,0.9273354828235963,-0.45739248415961326,0.8903728458136567,,0.9708912660186368,0.9416779650608992,0.9863863604714096,0.8244930516038631,0.9265669856629293,0.9083799343910651,0.9566964910934327,0.9345233652010885,0.5762848418207528
2020-09,-0.9628980626094729,,0.976841891752351,,,0.6366481236536793,0.6536266074669614,0.4427680345497328,0.9094460210215797,0.29948115924234564,0.758714189560006,0.8558746210075646,0.9120491415104065,0.49567057934330494,0.2351676236476506,0.8724719455028359,0.8115979474108769,-0.3498540729402688,0.8038107905805306,0.8954082446759006,0.8095718545925352,0.8257505374326183,,0.9443173261871626,0.9859292205582061,0.8228043202917933,0.8765050126726245,0.7242134737985253,,0.9277244233384161,0.9801225410889741,0.37640466126649885,0.7417728250095714,0.8774859175031389,0.13577073834307238,0.6264931355038488,-0.7008989802574992,-0.20262366926729722
2020-10,-0.44061088965973355,-0.00983069783959235,0.6843473987129108,,,0.06260955781887959,0.3975886284946951,0.7493723623613572,0.8274312582615927,-0.32101413822257474,0.43134115020423885,-0.16330648210534376,0.8644985932385137,,-0.01290599934401097,0.5378975967371198,,0.8602060116958619,0.7013608577872835,0.6270166859093305,0.494278668231688,0.8465824410035012,,0.8966062027683068,0.9446155775308562,0.44396708824992337,0.14621705744194083,0.43716259225049575,,0.6928958245380598,0.7734105246157335,0.826645969909915,0.42183281177436077,0.510312385569674,0.6344411389748879,0.7721820560672994,0.4094961355624387,-0.27960878259138855
2020-11,0.946739680254395,0.6619032435248781,0.9661319353527373,,,0.7383660153044326,0.8206688170275548,0.7864889729948887,0.9431099384207727,0.8483716877714644,0.8386673274975287,0.9054389893057541,0.9442893029774257,-0.6304065165964948,0.8883388339987659,0.8475568953089614,0.7422939006449961,0.8671574574225699,0.9104918726917755,0.9703566264672527,0.9085171079087183,0.8949670357980712,,0.9800730989791634,0.9958390173219626,0.5823076305993801,-0.1653648268322792,0.6883963023390164,,0.8442525350237295,0.9892395520935922,0.8832259431026807,0.9217581846025439,0.960780643681737,0.833306509095067,0.8830103449924829,0.7691249747556846,0.7155665467849223
2020-12,0.873196629711945,0.41178160997913904,0.9773230781068636,,,0.8678680342667856,0.784471495868079,0.6411078751482964,0.9432504436696176,-0.540080407696423,0.44857852385149893,0.8499786947943851,0.8351535840973595,0.6794463686606643,0.3277715685355026,0.5755144568669585,0.2663856544480489,-0.47929280997205276,0.8820323709286491,0.9732114752239487,0.8749269625613797,0.961057531063722,,0.9718183878070266,0.9894127263970985,0.8656614191462645,0.7916857223454401,0.33717212962404275,,0.9769227057652244,0.9736760416081407,0.9568979255902914,0.7306907143861215,0.9577179356248585,0.9377889631281813,0.9219919198379727,0.1779045409922697,0.246198109412601
2021-01,-0.601987998886975,-0.5534715088958012,0.7647606783913002,,,-0.5955412643542776,0.29120578911217637,-0.28051973420784115,0.29624516251196864,-0.5583492647194436,-0.07248749467089688,-0.3615934474779031,0.9208688670222106,0.5247812238226292,0.411644181918155,-0.24718975698071594,0.6888417027296976,-0.1939673481381473,0.9044241960414403,0.6468900163503274,0.8022038080679321,0.9031334893068912,,0.9661883796520636,0.5784600125434864,0.9599331523616057,-0.10785393483613902,-0.5864247719372463,,0.4735992884005729,0.8320964123629258,0.01214797942514692,0.3652397766477574,0.596160758310693,0.07922607340667406,0.910566006671367,0.7103427503862247,0.7285999263441983
2021-02,-0.43956186010050197,0.32870068808459657,0.7944599003180702,,,-0.001522262803583862,0.09335833003205238,0.4730582787080477,0.40206181517212763,0.5568446067296933,-0.32159107738159004,-0.020717931427641872,-0.13907304345059426,-0.6251384004828779,-0.27001008928985165,0.1398089844163338,0.46442279572471085,0.4295526118680593,0.4665781232838726,0.5850418800164651,0.30002978710863487,0.813505965595441,,0.7821329417640251,0.789759076860648,0.7087227691086075,0.289859772820696,0.5121610265268219,,0.8045718134265955,0.8220021486162568,0.5581485338993594,-0.009694086020351142,0.6365869781735362,0.510780335055014,0.6925122195441786,0.49858341977560516,0.11096122675531532
2021-03,-0.784956405035374,,0.7221983672798057,,,0.27729949123214426,0.15569629550039193,0.2397607503742662,0.8842914497508001,-0.09182600042503135,0.468290594150728,0.07887888697518106,0.11850525420381577,-0.7028256479304504,0.5404169234893981,0.143725571331217,0.6990873695579182,-0.3760627582173581,0.2545941864733658,0.91653754574105,0.4380328584009963,0.8870641554541853,,0.8544677537660352,0.9248460597833514,0.759723202618506,-0.6545138825822561,-0.004889038405712706,,0.6723357343927288,0.8771175777270349,0.8538625430938367,0.0026339650723098394,0.7415304436542045,0.9290111152244636,0.9285610657252276,0.7144922196958451,0.5761981899477924
2021-04,-0.8970505467488862,0.5663318745633298,0.8272840879262702,,,0.07965655696889502,-0.15843931047339477,0.9445038109724679,0.4332636673774037,0.14797777909424112,0.9336078139815193,0.25940500667305266,0.5655021597409394,-0.1888230182773623,0.6320319354349142,0.7473537873651236,,0.5774371100263452,-0.5151779689564744,0.9147106598387926,0.18670948450004396,0.8640185890039769,,0.9752734975728924,0.9756100413578567,0.8846791274681137,0.3975288509104987,0.8036468509994543,,0.743967497288888,0.9192722425084557,0.7708561780196003,-0.12914936870769297,0.3575265401303338,0.883973735291646,0.9240581425716705,0.4343682570652254,0.7171735460634278
2021-05,-0.5412299477395958,-0.20590201251875695,0.9294132164795376,,,0.6160678822590584,0.0327088645011016,0.8601267242168985,0.9584190958580905,0.26342407771651766,0.6049272553662481,0.7068747708062976,0.8855441119249845,0.10180819012835236,0.7643859909877793,0.6704650515747158,-0.6533565286454929,0.8796731983487396,-0.08208287601083988,0.9415405220567621,0.516002146490219,0.6640000403990302,,0.8865888830051949,0.9792921868771983,0.896224470495313,0.816039546256035,0.9256827696868731,,0.7861359704270054,0.8434875966138209,0.8854906561814111,0.5810915621540067,0.9088782095402391,0.923828247653032,0.7788314079443625,0.7696380084632604,0.5401024835468987
2021-06,0.4082032408693031,,0.08098201460646548,,,-0.15334187040097513,-0.17486705323887655,0.04855912699722846,0.7353401040239378,0.6186073266108364,0.16178352070200225,0.4862232788688399,0.6297263545412152,-0.21458485809235014,-0.06266275984358372,0.6034093659396536,-0.2948160196255321,0.4290002294804145,-0.4302326424713007,0.7416445971952823,0.13619011681376103,-0.08642552775413066,,0.8702480493743389,0.8745400324060795,0.45159511488165843,0.20956332222291674,0.31941634595022467,,0.464358947612557,-0.047646960251842514,0.4420053445742853,0.10058542101156272,0.16127793902307688,0.5634455743514264,0.09262814061842305,-0.12604481417507146,-0.2983922858751236
2021-07,-0.7464675342600556,,0.22830973784972114,,,0.7055454068911986,0.6417288489070068,0.8998963126553753,-0.004371024481429493,0.8562398220710115,0.7686133479668489,0.8601629746323921,0.6699666810533959,0.5907240124258374,0.5882042959976818,0.1254011331776641,-0.03959390475479149,0.3601746748073454,0.5362503594536706,0.6836011065667018,0.42382145222864315,0.8938127304054211,,0.7760085361512938,0.9770298668884329,0.9561055213900962,0.7751541290649424,0.802196353484692,,0.893053631998284,0.4208876672772752,0.2934679831602736,0.6519309234796109,0.4478686473258806,0.6991017150175171,0.8792270526867196,0.29058424137806615,0.6722488259798022
2021-08,0.9040513121497956,0.9272628744115188,0.9949105862840971,,0.8398264241696032,0.9080121093384367,-0.15552838403277902,0.9045099501518374,0.9267415350840652,-0.5856432212721512,0.7788943807649168,0.5511873036586284,0.3423448804113266,0.9397965139516105,0.6248046624691043,-0.056973516920464005,0.49358624622625985,0.9515860788929407,0.7434891669000354,0.9818097132594485,0.9154633737643457,0.9687214026189255,,0.9933314350891392,0.9925387029388839,0.9013803099288177,0.33345702229035246,0.9479701997387184,,0.9739938492116503,0.9865865493195802,0.9618156115280913,0.5105778246146295,0.9837423917912264,0.8831705140123562,0.9750677167256199,0.9239883278843638,0.9207210454660155
2021-09,0.34707255460353115,-0.21584580320311425,0.962941351951111,,,0.030296903154051095,0.4637268892725111,0.38782554297246635,0.5026474848139352,0.18140677896003737,-0.37454512693275527,0.05860658181857829,0.9398247195406063,0.043630428514478556,0.1475900723253708,-0.19679839874705501,0.7534043022034911,0.42959997393739624,0.12063994430233457,0.5629335957593513,-0.82868174847327,0.8169046520881935,,0.8928298464518903,0.9674271678415054,0.5842849223694598,0.6507036518230709,0.39473460175742636,,0.4238623006626629,0.9484771242056204,-0.13145417808976545,0.6248664984181913,0.7878545911519863,0.7057536695829553,0.816432643026991,0.11612543342967749,0.4067878966600357
2021-10,0.5896852485859881,0.017141850142714337,0.8318305214952433,,,0.3655578630959814,0.7320048626755443,0.3510734201131366,0.7380822540595351,0.6841874419313151,-0.6660786995273318,0.7810343028063698,0.8845283487647352,0.18999559897019033,0.20535427467701028,0.1147078748683636,-0.22578138114605795,0.18718326259736093,-0.4531519977770346,0.9024922311587842,0.7340671609531744,0.6392841629071256,,0.8182031646746414,0.9513424937576918,-0.14860326905681348,-0.002716122788261103,0.9277928940675746,,0.7733846553938329,0.8432829531259828,0.8501480363975821,-0.31913349989004164,0.8554906541983064,0.840825032955945,0.6167912952414378,-0.16707993358867648,0.7974165758035064
2021-11,-0.7192269939141491,0.46629870107715177,0.9621491863043281,,,0.6156972649288189,0.8544989067742118,0.6363699465386523,0.7258229236391696,0.7598076622601441,0.6787879987579709,0.8405868647175675,0.7589190046348904,0.8541041342334554,0.6613707160591126,0.44519567817119715,0.618258718130967,0.7894959269202815,-0.43417782930517146,0.42035991409719736,0.8614749562848207,0.1253529600474954,,0.9761544403117618,0.9339505816292135,0.6959831820676305,0.8898848206128834,-0.3774181076463062,,0.8418642261564694,0.9697313889028516,0.8998633196031198,0.48306312881138785,0.9104291095216788,0.44108807092931723,0.20795920624682604,0.18371083885087547,0.26438492210907555
2021-12,-0.26023325626328503,-0.6740129767162006,0.8470284989325648,,,0.23481013237101142,0.43945736704309957,0.4489640443806801,0.1576326906731231,0.3056261352726547,-0.7360265056594993,0.48289566087773633,0.47002214174729456,0.6562721834894747,0.7379123280837198,-0.07773784434681304,-0.6809034628334308,0.5529092731269787,0.1710346971731046,0.7399900941181442,0.4696336335225814,-0.008318174482465,,0.7868892233371612,0.9454742084306266,0.8417805408615561,0.2138784894779558,0.6396541676199902,,0.6678532702556913,0.8616970176124898,0.1723081107571327,0.6760799862250447,0.7309984369952311,0.5535608332390302,0.12957444145155342,0.3710899601414231,0.05802245724742408
2022-01,0.8131628079932471,0.75413436149711,0.9821271878880571,,,0.8337308758082416,0.9343038427463035,0.873019372668311,0.901885499264113,0.15636901283110732,0.6218952746422926,0.897243613673292,0.9625591194950343,0.7121681842030108,-0.4908225158327336,0.8931123446416357,0.8455493031015529,0.9270826565014628,0.7288828857119839,0.9797954644499359,0.9105062038932017,-0.7168329989347239,,0.9625799341663934,0.9861736982732541,0.9336467743443818,0.8862570460979705,0.8968968672600942,,0.9773974089678703,0.9790421054375426,0.952000730278512,0.8878975885161197,0.8717492660292477,0.9609082760145478,0.9458906349619596,0.9023356497974179,0.793516280834263
2022-02,-0.3169871566083639,-0.7778688740423635,0.8233836325461457,,,0.14556753216685975,0.6181272703599713,0.3877264006673141,0.3078912068024948,0.507201427428592,0.7730300757097092,0.30364059197264914,0.05960453034912972,-0.06912333650844125,-0.04623504725267015,0.1510741304501554,-0.37041573307112163,0.47439508746512643,0.40065597610828757,0.6282351538938135,0.2183638931964044,-0.09748547570887585,,0.7027250559807877,0.9594050406549615,0.26136507532294007,0.8521159333926197,0.26178070072777243,,0.5025881648499444,0.8795556642627939,0.5749753852808073,0.7124244869450667,0.5562847640305308,0.6190308771756978,0.6986391993466227,0.6244424598482742,0.21321725097908806
2022-03,0.815810724434988,0.580609037395633,0.9588925678804754,-0.5986965755445466,,-0.6943378766941242,-0.3738692487579639,0.6584543786813265,0.6454745623296724,-0.39504241634731735,-0.11474954872633358,0.5166537259480264,0.9086565378401521,-0.7731268773782666,-0.4798355163438606,0.33606711723026605,-0.38200360886971274,-0.1481728828632482,-0.1391773794703475,0.7672043495797353,-0.6991850263819742,0.531232390447268,,0.8950844934922195,0.989749549357541,0.7752926318046162,-0.3451418231888168,0.5074896841904758,,-0.7081850462285341,0.9787718466342147,-0.02078780368483118,0.47931943026844026,0.8234934516222017,-0.06479156631576606,0.39077969916889577,0.7304073844107044,-0.8880128595695291
2022-04,-0.7899660323996699,,0.9083370466871282,0.4422277299033306,,0.5640878824201003,0.2440298558462848,0.5501231879421374,0.8275801423172766,0.8928726217681243,0.7352351983286975,-0.7837674807371777,0.836986954675086,0.2296349136499535,0.8039921919841349,0.5491608929713042,-0.002506902747328293,-0.30273318882833616,-0.4988922374250029,0.17575776626706385,0.3247391546257102,-0.6063292633059311,,0.7351211537846228,0.8504967668145867,0.8828058682873188,0.7799657781809076,-0.7875137095105607,,0.06253376695344086,0.8588390473686502,0.7113470101725372,-0.721605388902172,0.5476357895901129,0.7305736700783981,0.4452018393021688,0.061613017385178964,0.7338938348489074
2022-05,-0.441216518562866,0.7115425073219627,0.7464886905558961,0.033394567174077225,,-0.1162478772302471,0.6866095911484777,0.3488741105218606,0.8428860093462158,0.757311914949512,0.6494820377300339,0.6424667145769627,0.8998289751325116,0.6410301806576602,0.23622650737361375,0.6506930527119256,0.792593153400427,0.7448990019018048,0.7375799336429507,0.4649537795294233,0.15650892491672166,0.015756617316356223,,0.9570264933353372,0.931573286017638,0.8183493786091431,0.7595395296705032,0.36845348972709613,,0.2862501328345262,0.8377545443392479,0.8179269059964097,0.6302415068783802,0.4991128065256406,0.8798473921808219,0.514203331418153,0.004512608074697229,0.4635008932347303
2022-06,-0.9773419065194429,0.8687881872864055,0.9557806173783532,0.929535968156151,,0.9067573481827557,0.9534991416226433,0.9726360570910705,0.9615560162387363,0.8864671604119618,0.9145020913086622,0.9621076346918401,0.970701718260828,0.9674217234189338,0.22018469095497845,0.9386934227395289,0.7323980985114471,0.9194124510239557,0.9306189298644449,-0.731363883514442,0.4831581706642394,0.5516716339381186,,0.954441471186065,0.9908732428166618,0.8116663963193027,0.974878461627048,-0.024782728316207824,,0.9752556441132276,0.9855649130288917,0.9676403720114112,0.9829420517892147,0.8843940098056446,0.9271233879754174,0.9882341173787091,0.9732764843363026,0.9471773374794317
2022-07,-0.663730167016341,0.6568990124423784,0.2066684171834643,0.37639936156849685,,0.8615511484906802,0.614892353716841,0.7178090991721132,0.8371611636403926,0.5546741155167102,0.5678401237446411,0.8616144988239812,0.7740374722985286,-0.045170526658523134,0.5436529794471936,0.7120511480526229,-0.34230549391475296,0.8173217542514652,0.7630371228261741,0.7791917288696557,0.7383128198902597,0.448088569433349,,0.8221934712828353,0.9348138870914064,0.4183185057218896,0.5969557991517446,0.2203070327537842,,0.8367737949338852,0.6412426537932933,0.6063840650927311,0.83789539993752,0.8876487768864587,0.33721923756026334,0.5696882364456919,0.8622322177605302,0.5127666242664466
2022-08,-0.24661862808252208,0.1776488583653825,0.8554488126059347,0.45971489322916304,,0.641158376504326,0.15692143103083198,0.7706533939587278,0.4562860950485049,-0.11932064994895587,0.7931981107920454,-0.2759396834370825,0.08337665668723097,0.2100871779237566,0.6026737781616677,0.08818420910403743,-0.3507626212996407,0.6985259701172932,0.4587953332693336,0.5328032835118479,0.40828880127300465,0.2529938844187949,,0.7380681146733515,0.9686756011372002,0.7273892078881604,-0.2935367191820032,0.3964632495997311,-0.43724430935706066,0.6104532330149228,0.8816080374767505,0.4255799978731176,-0.3687548123339997,0.42638883498095287,-0.04769112424837708,-0.1802448135601163,0.3296039155762658,-0.3927863123028138
2022-09,-0.8592933038829368,-0.4732324551379426,0.8513940803643885,0.6044093897279665,,0.9426022190378138,0.28353073592800976,0.8439941148330912,0.8082230056295451,0.9422610700616935,0.0033630051639033996,0.7498962339001645,0.9332117647576806,-0.8402088453317871,0.5633445736551463,0.6909435886490658,0.8204399699763529,0.4976288909086596,0.6742114784673885,0.20921231853799865,,-0.6771211920588949,,0.610977926549051,0.988880523077752,0.8634083427191702,0.8609024640212359,0.592502159224351,0.4649482871851482,-0.7280652760987663,0.9711760819425426,0.8834036270759431,0.8185059376599504,0.4502634855822971,0.8649503499849365,0.7795352067207372,0.8621130543976064,0.5600020822289666
2022-10,0.45979904076306094,-0.06260319527737596,0.6528860041651485,0.45233132831720485,,-0.4141582847087483,-0.17222208627224814,-0.34836227012575516,-0.0345365705132524,0.605341190206075,-0.3535606728268256,-0.01961027737858101,0.8927552278096155,0.3805005791994869,-0.5166770482189543,-0.14369159451220742,0.5658124349722959,-0.3900884031912757,0.7325529553505518,0.5759129994714183,,0.41545499080373716,,0.6509462767777957,0.6249557344336724,0.3827316668348762,-0.41014688153856194,0.5946797205816917,-0.346038890850265,,0.7899902479589657,-0.1273848557194515,-0.3157738514435196,-0.44652621299696743,-0.28718806305268735,-0.04304634305434599,-0.22659411804526428,0.17761846384552005
2022-11,0.1325002912556953,0.02940498095615691,0.5535572464810913,-0.23990713582575315,,0.1417007866667897,-0.5502059264160604,0.5270922217225573,0.45548655122697296,0.23404317317335616,0.3526587704492095,0.5868247547815144,0.3019200843446859,-0.23086080864393557,-0.1629847433591858,0.2553839262241281,-0.4518013059956824,0.1439446275558976,0.5493409585023801,0.6669327174052008,,0.28835434925709014,,0.6949543385974827,0.8655391023150801,0.6215607836724086,0.2297629022055354,0.3015278457248016,0.12895564891176423,,0.534609298342987,0.5787872071611341,-0.19643091463940177,0.7240859367634215,-0.015844798897088928,0.3800505017125222,-0.28405209936419934,0.011282023682164601
2022-12,0.5566135428922243,,0.1995411739210555,-0.5053759804731525,,0.7265047208289831,-0.3271059557606392,0.20606415866863165,0.2568517128555497,0.5990300915196765,-0.3333752481898674,-0.2948579454662275,0.9143415259123068,-0.35633907056427194,-0.45179777717402525,-0.6266257233139189,-0.529671106796041,-0.4221522115193988,0.2340812769928058,-0.026983393584338357,,0.5020760044328042,,0.01657995469590027,0.8346667020171161,0.7454481164287032,0.43469861015860806,-0.16520292623931365,0.7545647936933254,,0.8780015483228928,0.07777537286303256,0.1932859303962724,0.2957940911260367,0.26700854028328136,0.708177102492153,-0.4127042667496945,0.406040334472205
2023-01,-0.09497542810549649,0.34545158432595574,0.8990082228105634,0.6002249744316805,,0.6305079925014608,-0.5274411598159936,0.8008203174820077,0.5646659826722896,-0.34018221290734213,-0.041128373713608314,0.6411532786953645,0.7389857062069459,,0.30126694351703,0.267695705869727,-0.5025897054524021,0.3931801408222589,-0.08432962736587078,0.8537962158024488,,0.02102866554764483,,0.884569869433525,0.9416810669407527,0.7744874446142295,0.3087917214381801,0.243097396550624,0.27008572775219514,,0.2772567196705299,0.5687203179463497,0.703008407898107,0.7158148835261373,0.5257550160044495,0.5581787106183554,0.1032564254547965,0.45101610874337816
2023-02,-0.9459405685295216,0.662174885704761,0.9202484072380472,0.9475335840073593,,0.8810047492545828,-0.7178361460999914,0.6905051027669412,0.6468952081426953,0.9247471427068047,0.9098472987293316,0.9370836745294822,-0.2944042501651914,0.8230734645200677,,-0.634245895078912,,0.8759068311398743,0.8369936477402039,0.1651089860967419,,0.41390592846295,,0.8312102273038359,0.92245937405198,0.8463241943599743,0.6919381603359379,-0.6575260172583485,0.9681387522823109,,0.928923143550501,0.764870061514628,0.8613984546102935,0.728755039065277,0.3452280894774016,0.975549826120435,0.6674996077023387,0.7165235957387303
2023-03,-0.7478488213939255,0.04148923654495479,0.9462105399774084,0.17983284984703965,,-0.6923569822734403,-0.856170587363699,-0.5755892435232003,-0.684312193406228,0.6350882315576097,-0.1565232943697184,-0.07103853160431035,0.9516288490342996,-0.6779621159920417,0.3661070028685338,-0.6056371034949717,0.751017266715055,-0.13033722028807904,-0.7899237555542767,0.6068281737617474,,-0.4642105056980085,,0.9517736679030719,0.9711109206242345,0.9016179694135178,-0.1723971362250316,0.6634793630966157,0.7770403311058565,,0.9745384217556541,0.009562881655858717,0.5367151410967742,0.7096377541121903,0.7733729450502878,0.8362068282638695,0.2600653696587901,0.20896448176682966
2023-04,0.042218807413512034,0.22643299619354484,0.8664819620935789,0.6558467615217372,-0.15160162900884147,0.6787154303584501,-0.059990016623894776,0.5353934233098601,0.8244455566794846,-0.12551501190181893,0.6476755091870575,0.49383325228255553,0.570846896943851,0.01336894090951586,0.2258740907775649,-0.35322655624722854,-0.1855461665332469,0.037554980458,-0.13062213395129288,0.7391912825218645,,0.7628249046777501,,0.41487853604686076,0.9116121663207655,0.1527643918809942,0.42638063423691425,0.7637619919639084,0.50019953627321,,0.9285287406377208,0.24908259992501278,0.3894303734825507,-0.15219673060189845,0.14996169028895434,0.7396610128357066,0.3122511072876622,-0.17051521670729108
2023-05,-0.9518839960427393,,0.9590245390338942,0.9030386827852429,,0.8876742506564573,-0.5270960969161697,0.7425622538874501,-0.28975829541804426,-0.8386665610605358,0.4984862074743661,-0.7113563766932189,0.06385037786427888,0.9046068778556369,-0.3144951406661076,-0.6545014623565641,0.7821851106686275,0.22619044401953411,-0.873742055435243,-0.6835173725871878,,0.903321164243162,,0.47983367148787986,0.9231764314168799,0.7676802846965428,0.5497808224041391,0.8923436024195728,0.8356162280333631,,0.9408952091483181,0.7347930746017423,0.12959161230854194,0.9240081109775281,0.289534762443893,0.23917831581329663,0.1550576642330543,-0.14232073490722802
2023-06,-0.5081423042446097,-0.09186801359867404,0.9552914860323409,-0.3384555830983087,,0.7062982535283425,0.28341862578291754,0.7206738014902492,0.8895462636274041,0.5615409570891023,0.30607335005631114,0.827430649760065,0.38629757710644425,-0.2296811089324334,-0.03969944080378795,-0.3477999294306983,,0.7790691435505581,0.6288649328828458,0.23015001111435365,,0.6007241774426106,,0.5484239045795717,0.9650426117760221,0.7254200695362178,0.6215972335446949,0.7230900645021813,-0.6628278620707281,,0.9649592388698546,0.6002178030797105,0.7161687922179776,0.6961315128192084,-0.5891490478396997,-0.5462347843515918,-0.23444806095256968,0.8339013355438462
2023-07,0.7840613999340336,-0.6848118252056831,0.9275685535101595,0.7370828007818901,,0.3445722566554869,0.7462703785663567,-0.058272742749761464,0.8242825064439714,0.6049629698926987,0.6490328138764708,0.8511408317445119,0.7575768854321436,-0.9262684064884856,-0.6495972652844842,0.26611244248461674,,-0.006790057112142522,-0.2814984797975697,0.3473386595696613,,0.8436647436332656,,0.8319905410102698,0.9627685906354192,0.9184401990730212,0.8314393887766227,-0.41784948093620994,0.4603352469678756,,0.966700895627166,-0.33107012287670917,0.8398275870392782,0.9441742781412861,0.11180085814530985,0.7336636979361848,0.8974059525406813,0.7505306341612583
2023-08,-0.9418000608984795,0.3293620032045424,0.950436731640428,0.5240326292431996,,0.826528599610037,0.328508387476906,0.7703255368387436,0.9249586827007865,0.9027736476848599,0.8452778519034556,0.9196490541867136,-0.3648648444219786,0.8345711084882894,-0.49315763517376243,0.8691225578763419,0.8606263131253856,0.6730921405353786,0.7612726641008606,0.8824499230427176,,0.777208136780591,,0.9234743585177073,0.9755781233850991,0.8697615950603879,0.7491127930141505,-0.09180499597462087,-0.8748336424284316,,0.8582435976784252,0.712605070949629,0.8117512070220247,0.885326928304855,0.9122223235250004,0.8171687302239292,0.6963006975232039,0.7255250508883857
2023-09,0.8184471828265847,0.7982384147587686,0.8325187149468349,-0.6601176138792142,,-0.18205596268089258,-0.07714699879104443,0.5602378745966394,0.658440732081775,-0.7682483852267288,0.4662090519165709,0.8684172245145138,-0.052654008975459694,,,-0.04419877159657748,,0.2863204652912968,-0.28112642813963196,0.7798350583390874,,-0.22625495680311059,,0.8098855747361153,0.9127162844538982,0.7418486650840558,-0.24708262263119588,-0.4436746814948418,0.7909517234417406,,0.7072483808291283,0.7116219974618516,0.5401447829667471,-0.3032936425385348,0.6309860428363103,-0.3519781341064157,-0.4190269151006266,-0.4728108742135166
2023-10,-0.27531779146690266,0.47333668879936325,0.738292272230357,-0.37845163848147667,-0.029757408219575572,0.7937668570287298,-0.03993339678856988,0.4107531130948172,-0.06041326964556361,0.6014357279908717,-0.6520815553463326,0.39824112986122573,0.6649832075204744,,-0.3234813417573972,-0.05875101676665183,,-0.3175932641579332,0.14002494800007687,0.5202268286820572,,0.14706616471110728,,0.02908167023565345,0.8706685830880909,0.3079269082022395,0.6686501313578913,0.11071771961095146,0.7361776370292953,,0.6802400372697872,0.051705321630473144,0.18432146230240562,0.37649968345094165,0.0019019304620799165,0.1930761137956729,0.09903291734288236,0.2449344785051582
2023-11,0.9494485831054313,,0.2725598473335571,-0.29217974573430555,,-0.6989421157325268,0.9398200066923184,0.6240115967671815,0.9198176542511223,0.3420483869247795,-0.7536469410430651,-0.7740316909400813,0.7332909309896573,-0.7008757160795782,-0.6534166221923556,-0.4529142372115918,,0.9241300199497505,-0.8415827756522242,0.7906374814024133,,-0.8668023862118929,,0.9439915038167839,0.9759851843599613,0.592924693792056,-0.8773953852239131,-0.040436320724449484,0.7285337692476321,,0.8476542699081484,0.9399152164410016,-0.6113577066287953,-0.23289071370274345,0.9183925190898939,0.5017143255024996,0.35296310697610933,0.8437352501463043
2023-12,0.8387295077006865,,0.8214001289806756,0.16131993552715027,,0.7584225543523431,0.45123265491866826,0.8914099433936052,0.6901281255019327,0.3263932339958326,0.8393695219612526,0.7683544040652454,-0.5597141739730196,-0.7376468991682502,0.7300583167387047,-0.27971617137512456,,0.47607740860082715,0.7523371982991724,0.8500104929142976,,-0.5381154267079657,,0.8934564910264831,0.9020155089103236,-0.14670632822342922,0.7726536627725246,-0.8163562383511789,0.8481957058940532,,0.9440379655659333,0.8040320975394745,0.6372107463659507,0.8657633851785194,0.8396899393303565,0.7733268604375078,0.8484918028505858,0.7372233250499414
2024-01,0.233027839115475,0.011152400218566996,0.39429208214368616,0.7842971467457825,,0.2290595881932056,-0.05602307095144992,0.23273977377360666,0.6391952983936985,-0.1684989618943466,0.4280414896602787,0.7826448970629473,0.08748932559768172,0.14823959400985895,-0.1375289667395601,0.08864151701316461,-0.4001778347678223,0.9133914421229067,0.19836004902253032,0.9144280461785439,,0.0019219116776534643,,0.873497666743896,0.941046404879587,0.8386043236388377,0.599229745216944,-0.21985962268079637,0.032173064142806185,,0.5598843635664855,0.17235352747449872,0.7419758917830696,0.4236149050198141,0.3748695473157191,0.3123983550889952,0.3784834916958789,0.7383680608516389
2024-02,0.1723252127977144,,0.6993022824438248,-0.08278010383069406,,0.561402497940282,0.20493524099852556,0.6633155965911277,0.6430461263358006,0.1166210774138216,0.020355996006125223,-0.00877742104159363,0.761434434186884,,-0.4815564750796608,0.3364598762345343,-0.6262573911530342,0.8591449768388335,-0.05135275036003595,0.8931621395991387,,-0.36282539190214713,,0.526263847681071,0.9612729185676671,0.7398253784542225,0.4827933509936972,-0.09667014599999002,-0.20146285900298463,,0.9199965279403802,0.8319550286827427,0.6812046174029737,0.5779427659705842,0.6297067030833821,0.467568859928704,-0.18057405857925846,0.543925228740803
2024-03,0.6240984935937212,-0.6542542479860801,0.8966725942114987,0.8457863432494267,,-0.5403277120344984,0.4250034454310689,0.3936376710422566,0.7603951350740108,-0.4105897202873062,-0.24688914906964612,-0.14062251983765298,-0.3296775197582219,-0.27908137252871645,,0.35493944340841954,0.2522729735755571,0.3318142280267719,0.7483154946338086,0.8785218622196529,,0.3912432184367651,0.8145439437049743,0.7264028228971195,0.9438136586758196,0.4628558358059211,0.6685488563786423,-0.2445496885231784,0.2737303672135316,,0.862817686207085,0.8170970670018567,0.5928742762567585,0.1030763343800655,0.658007397107425,0.3368714542438597,0.11915544877347319,-0.5896547859672511
2024-04,-0.513296586469765,-0.07772030760939205,0.860699349534896,0.15605639214382713,,0.3876930530317983,0.4123088978326254,0.7199685239564533,0.6843182459863449,-0.17511376669947562,-0.19572463478323895,0.34902087521670133,0.2680524967383044,0.10030050516093435,-0.4250638857138932,0.6596023559593585,,0.9583150519678587,0.7333402556927837,0.38787865884668066,,-0.2448450453586228,0.15209451650754682,0.7194381017884159,0.9478272793410673,0.7930313965453948,0.27411778740316706,0.5787246991281705,0.7606157530150024,,0.8836364761449016,0.8461711707305113,-0.06774679538689526,0.7281664359417982,0.5529535790128132,0.06615257399985099,-0.5227740238805848,-0.06301376826933704
2024-05,0.5362324345479188,-0.6094942599811711,0.921176368831639,0.16468008740287246,-0.04265406052527011,-0.16751556724292666,0.34033908137023267,0.8053717676818717,0.5298121340299407,0.06035452434587991,0.5602810744130307,0.8572189709860893,0.523992143242834,-0.36454289911863047,0.10569455948852426,-0.5676113799004802,0.1507132614769525,0.5406689388901835,-0.11459526493319233,0.5509374336208547,,0.014209447127434157,0.24649847254348256,0.8768643163982697,0.9624503969147099,-0.18048641347464678,0.19303118257410498,-0.1641934225577612,0.2552751504572236,,0.9540219975378778,-0.7220058825363204,-0.6719769612959876,0.5971432418206075,0.7070388306936414,0.8665672841367332,0.5585757753949184,0.8363462318944721
2024-06,-0.803547345121259,,0.8129679370270808,-0.6359201455120296,,0.6434904682586201,-0.5525815391996942,0.6475276690755698,-0.17000298423345578,-0.40387924945988735,0.5769997811056273,0.8657515615805876,0.28457944493938353,0.7184077420743963,-0.32559635987535346,0.6728629978103781,,0.5426431795089807,0.5634072874743583,0.2623877384417694,,0.4232342135696227,-0.6498102889111576,0.589531443229237,0.7167443268641418,0.869636515206143,-0.04983428217617817,0.25627875229523367,0.5895258728279429,,0.8248019875981165,-0.12513444000845608,0.8455796926607281,0.9002130775209982,0.6041464579249286,0.1940684013167875,0.4476387582731481,0.8479370299429116
2024-07,-0.9334547285746742,,-0.7556979607107307,0.8811202397616107,-0.3567512362228225,0.6364746509804242,,0.5916885055546539,0.27364043955381634,0.2799987172437249,0.6483433842942545,0.8894265664430316,0.8542121013641234,0.6861376801504498,0.8447264267752899,-0.4707324514554935,,0.7182945329076222,0.9012367138913131,0.48759149374061733,,0.81345442272263,-0.6427151872576051,0.9171902442700217,0.8850439115052381,0.7113894927605507,-0.1282884738621733,-0.3909657097645347,0.8206295872577097,,0.8120983351665255,0.22781107743554374,0.9251826276337686,0.918443127743192,0.6953107032143585,0.9350073567440021,-0.5529024816249519,0.7761250851246908
2024-08,0.5706729671570165,0.30388363685705805,0.7863072767161768,0.8364152085409035,,0.4438079075682196,-0.4962101771516887,0.6763087125601799,0.7942986681458027,0.06568099299451029,0.7063630321247711,0.2989392003219661,-0.07141095730379313,0.018711278371812048,,0.3617569421699305,,0.6039036024416412,0.468268671021248,0.6075333436362097,,0.28573111473118,0.7171354413316708,0.8165505337154396,0.9371834742260367,0.8977937569954069,0.5591436055775723,0.4444830688835621,0.8684780868655276,,0.960289192600017,0.6877901300656102,0.06072891490599462,0.2056208394682514,0.7720818695581451,0.48474946628667004,0.33516559578950594,0.6765140623152142
2024-09,-0.5029520113165764,0.47850031424403994,0.6014493490785582,-0.05527142265978324,,0.39711743766199425,0.5980437958030483,0.7555846038590117,0.44742464924620534,0.8505880679092073,0.8117366087779252,0.46014380325572923,0.6549988790469635,-0.07214107682302996,0.06394124395466433,0.4096524045164318,,0.1228754730359992,-0.023945003520338008,-0.3292097858673893,,0.5600471271570009,-0.2994795096941124,0.6022430129374872,0.8845354411832915,0.8561581675654922,-0.0999572772422054,-0.4766182249003223,0.10145811528124786,,0.9350856245876904,0.47512229010660445,0.2813851706395022,-0.3555876381097915,0.38385209768065026,0.6667307961909867,-0.06035117054065392,-0.4645726498132388
2024-10,0.8244269372174222,-0.4456851672246281,0.9275178775690662,0.34264228631302357,,0.4451695767467858,-0.39958985013929715,-0.4511202576986655,0.7312145074757481,-0.7369474650770007,0.6067502968214509,0.9224004782549496,-0.8443918294933838,0.2958632806683172,,0.1940984262020033,-0.22577172913190424,0.8239270829013807,-0.23484549037485097,0.8026301932221593,,0.8771385234799817,-0.521180255483377,0.8484571276345196,0.9481144511356042,0.8014481476430021,0.2868755467226494,0.8530530568386573,-0.02449857886676495,,0.936615442325584,-0.5684822690129598,0.9352999307192348,0.5491099370255109,0.9569868890967314,0.8345804040676453,-0.21743965313596353,0.7552050178952584
2024-11,0.7993814151295604,0.132791210698278,0.8329004526524153,-0.5499547589790623,,-0.13057340920143373,-0.27255871622033107,-0.4689786156168629,0.8819314099587171,0.9075151055442907,0.4748624421437074,0.384815023387167,0.8116406690303797,-0.6795776232432581,-0.4724615320432732,-0.8486722459152997,,0.9182154315044094,0.21347874787483703,0.7427589539158971,,-0.275226077343328,0.531829740204423,0.2245563283953945,0.9774449007669604,-0.2923129674114792,0.8407266751837308,-0.31939765163112305,0.8391420195625128,,0.8869273044442086,0.7776390884978428,0.46756959045947505,0.7338843141657959,0.775256197113393,0.0540448486629246,-0.045059091499905606,0.9079489853849698
2024-12,-0.3653552275735569,0.20496045237207436,0.7578210221994071,0.1674882618570538,-0.5401366681511667,0.45927351639991815,0.2021253670443726,0.19564428716601312,-0.10060427412303749,0.4709931991296984,-0.44719934823378976,0.04003741545633434,0.36409237193849314,0.295933696873903,,-0.07775328688768175,0.5211638144963237,0.7104420381477426,0.35711751366146066,0.24864161218595374,,-0.16844390012271343,0.42438619274377753,0.5322771722191115,0.5735008320497829,0.7232475574145049,-0.2122682020334325,0.4400487531802823,0.17604624695927248,,0.7331772204440234,0.13586326364285065,0.26496040488485945,0.31478332843285856,-0.2650759713099089,-0.11537194718235379,-0.048672265206940235,-0.07892569000751588
2025-01,0.6349726300197325,,0.9502090913687269,0.19875500434770899,,0.8496368562442514,0.8963512331040693,-0.27465678051138265,0.09539584673528775,-0.11824855922245199,0.28858986283005617,0.7778501989344385,0.7764649053047825,0.7200608026533758,-0.4698391391119146,-0.4980378858978029,-0.4041093801052246,0.8791638874078151,-0.14249811791377226,0.08639764528267282,,0.4017247491106119,0.7527217598528724,0.8285243286944995,0.9963024198870974,0.9020996421077597,0.6603357182408839,0.5640650244126868,0.45982508078973844,,0.958454855932059,-0.11179095840083,0.7929272408877323,0.6016125058393521,-0.014430063869793093,0.9565892921601109,-0.6851468906578787,0.02082533334319149
2025-02,0.9295789639103076,-0.7769422114819059,0.9656383096090528,0.8587916369861438,,0.8399610310281432,0.5486025160517555,0.8290802850170322,-0.1317474003045663,0.004128481862320518,-0.8957941352211368,0.9328031818624035,0.6006193969000966,0.5424813774083558,-0.4503803005052988,0.34400899944796914,0.7968375280775827,0.7425186040829059,0.9077601800744868,0.7449891388914794,,0.9790837122451389,0.5234352734446613,0.9828430826834825,0.997065199755213,0.9283373846494793,0.8648335331504946,0.774601942682262,-0.4120429919813936,,0.9749865196278558,-0.4884188225170391,0.8638263967228219,0.9380764893251381,0.8909351393826033,0.9224726864617082,0.07677415386766864,0.7884761733304217
2025-03,0.49477126071274974,,0.8845286689540616,0.2537127085247286,,0.48333804284374526,0.6097534594774168,0.6579373409850984,0.4662710311432986,0.4681221321980431,-0.340262739764024,-0.3452640826154276,0.7200154347715496,0.6584347643215106,-0.49327870801163215,-0.21771721471660938,,0.8593184359803324,0.09373864666700875,0.3956430108215278,,-0.05194092875419138,0.054110746591774915,-0.1534490280072335,0.5885314022530147,-0.2264390351762202,-0.17380724995645594,0.3336730348663546,-0.27599606968500484,,0.7775056929180264,-0.6056132055078836,0.053920652964755594,0.5435225895430191,-0.19079326152532744,0.10054559732692968,-0.1711467418384681,0.11022568571455948
2025-04,0.2076313662091901,,0.801232426951624,0.49514830474266375,-0.14697660874940138,0.7872472717433434,-0.5096924223076812,-0.25221658918977186,0.6252405430996067,-0.06043040657311075,0.5859152111489077,0.7382649799917999,0.30074668786034536,0.4858016396331641,,0.4791533134201346,,0.5189022682099074,0.12233226426015574,0.7313468472943491,,0.5080627373474813,0.04093957736755533,0.7674812664122423,0.8305669812319629,0.6535004013961331,0.3315043889432349,0.19536667958674822,0.3808822238470802,,0.9533615594488042,0.2931899721883191,0.7240999133605515,0.521403750199736,0.30627326386711334,-0.16386370524469102,-0.12367680564721062,0.6204496039456207
2025-05,-0.25661861699563415,-0.44641817546925106,0.8490883333633658,-0.36747558987548024,,0.18998462242743316,-0.08244460431195706,0.22258168229116726,0.2866652158275449,0.3426002156268398,0.15699777156282116,0.16443541447316806,0.4937601578872774,0.39613455662057195,-0.26045581561905196,-0.30715757984745967,,0.03285385323056388,0.3772944830362078,0.05901448990887274,,-0.03745208780033801,-0.3284815139954478,0.2859406627178765,0.908160546461977,0.5860978772382561,0.5584920611453917,-0.347689930407766,0.5334506747294208,,0.5124435546047814,0.1610613353766622,-0.05861615608413579,0.6194243988289115,0.05944112814123251,0.23382140192954576,0.5455545472983121,-0.2706147934192908
2025-06,0.5491120375880993,,0.8670313427585983,0.11724812235830594,0.2710388498988168,-0.2560169834521267,-0.23224334716550982,0.565729869760159,0.23331415614189643,-0.4217323683515792,0.16491735291255455,0.22654081551858946,-0.14878473943187592,0.28938913579330966,-0.1943228647007211,-0.05894616842544918,0.6993808519406014,0.8028162353603447,0.7639024006281309,0.7226686346166306,,0.6302768450225292,0.6758299908273767,0.6920018046769116,0.8661641738421889,0.46611128581336075,0.8456481794152252,-0.25024219064814723,-0.16770276369345763,,0.9190269184316856,0.1501943864921199,-0.18063220460718346,0.07912225230612595,0.0739263930840411,0.10065113039353787,0.6396286185961518,-0.19369526849677438
2025-07,0.8610566849826549,,0.7298236881610991,0.24693856492405902,-0.35891665490595287,0.5139910890717448,0.0797530046769023,0.6695209150428068,0.1321241580330219,-0.6505957712778425,0.31080899437293036,-0.3182087095184173,-0.5204374346587161,0.36865818077603363,-0.7466912364312164,0.5045429108329417,,-0.5703285968228117,0.7303882124122972,-0.6415336745834745,,-0.4451246576444598,0.7009569161086355,0.9072471898534108,0.9374893311446632,0.9030363658762395,0.7539146728476929,0.4135122601300308,0.6612951839141457,,0.5122487931793107,0.5801764763376689,0.5058684063120577,-0.3514528892580138,-0.6369071462446858,-0.2209139651201937,-0.2845181757515119,0.6237831439038979
2025-08,0.9636605187447753,,0.9238010999487302,0.6869617837966258,0.6295530549863881,0.9299924569761056,0.9155575545912711,0.5112964356432793,-0.18283498539346046,-0.9603749645915926,-0.7876977375348222,0.6888253646152775,0.8060403218082612,0.21342498796934298,-0.7846791520409527,0.8505299664082279,,0.6720443718371903,0.9690380695425681,0.4320659697304871,,0.94356065875962,0.8065377834140706,0.9497438992292363,0.9930696835817958,0.9380808793442647,0.9358385994606709,0.5549021037335066,-0.4555051501944567,,0.9779320692263791,,0.9547890441768745,0.9769172456097903,-0.6653602201840003,-0.2759401128394629,0.7638129080957481,0.9696229516749517
2025-09,,,,,,,,,,,,,,,,,,,,,,,,,,,,,,,,,,,,,,
